{
  "feature_names": [
    "highway_class_base",
    "nearest_segment_dist_m",
    "school_zone_count_300m",
    "log_nearest_school_zone_dist",
    "cctv_count_300m",
    "blackspot_count_500m",
    "mean_occrrnc_500m",
    "is_yeongdeungpo"
  ],
  "train_rows": 150,
  "val_rows": 150,
  "test_rows": 150,
  "logistic_auc_val": 0.8952888888888888,
  "logistic_brier_val": 0.24378296566776014,
  "boost_auc_val": 0.8840888888888889,
  "boost_brier_val": 0.24081929609810923,
  "boost_auc_test": 0.9096888888888889,
  "boost_brier_test": 0.2200378932382662,
  "n_stumps": 140,
  "lr": 0.08
}