{"bins_pred": [0.0013465854774662145, 0.13005827436895562, 0.2997249593450255, 0.340638328120367, 0.7351232207005297, 0.8446311443550552, 0.9999999999999927], "bins_empirical": [0.14285714285714285, 0.0, 0.0, 0.0, 0.0, 0.0, 1.0]}