{"bins_pred": [3.1407471157481234e-05, 0.9811215001585808], "bins_empirical": [0.2980769230769231, 1.0]}